[
    {
        "pk": 1, 
        "model": "recipes.measurement", 
        "fields": {
            "name": "Tbs."
        }
    }, 
    {
        "pk": 5, 
        "model": "recipes.measurement", 
        "fields": {
            "name": "can"
        }
    }, 
    {
        "pk": 4, 
        "model": "recipes.measurement", 
        "fields": {
            "name": "cup"
        }
    }, 
    {
        "pk": 3, 
        "model": "recipes.measurement", 
        "fields": {
            "name": "lb."
        }
    }, 
    {
        "pk": 6, 
        "model": "recipes.measurement", 
        "fields": {
            "name": "oz."
        }
    }, 
    {
        "pk": 2, 
        "model": "recipes.measurement", 
        "fields": {
            "name": "tsp."
        }
    }, 
    {
        "pk": 48, 
        "model": "recipes.item", 
        "fields": {
            "name": "avocado"
        }
    }, 
    {
        "pk": 47, 
        "model": "recipes.item", 
        "fields": {
            "name": "bell pepper, yellow"
        }
    }, 
    {
        "pk": 42, 
        "model": "recipes.item", 
        "fields": {
            "name": "canola oil"
        }
    }, 
    {
        "pk": 39, 
        "model": "recipes.item", 
        "fields": {
            "name": "cheese, goat"
        }
    }, 
    {
        "pk": 25, 
        "model": "recipes.item", 
        "fields": {
            "name": "cheese, parmigiano-reggiano"
        }
    }, 
    {
        "pk": 11, 
        "model": "recipes.item", 
        "fields": {
            "name": "chickpeas (garbonzo beans)"
        }
    }, 
    {
        "pk": 16, 
        "model": "recipes.item", 
        "fields": {
            "name": "cilantro"
        }
    }, 
    {
        "pk": 43, 
        "model": "recipes.item", 
        "fields": {
            "name": "cointreau"
        }
    }, 
    {
        "pk": 33, 
        "model": "recipes.item", 
        "fields": {
            "name": "cream, heavy"
        }
    }, 
    {
        "pk": 17, 
        "model": "recipes.item", 
        "fields": {
            "name": "cucumber, english"
        }
    }, 
    {
        "pk": 27, 
        "model": "recipes.item", 
        "fields": {
            "name": "dry yeast, active"
        }
    }, 
    {
        "pk": 14, 
        "model": "recipes.item", 
        "fields": {
            "name": "egg"
        }
    }, 
    {
        "pk": 22, 
        "model": "recipes.item", 
        "fields": {
            "name": "fish, anchovy fillet"
        }
    }, 
    {
        "pk": 4, 
        "model": "recipes.item", 
        "fields": {
            "name": "fish, salmon fillet"
        }
    }, 
    {
        "pk": 28, 
        "model": "recipes.item", 
        "fields": {
            "name": "flour, unbleached all-purpose"
        }
    }, 
    {
        "pk": 29, 
        "model": "recipes.item", 
        "fields": {
            "name": "flour, whole-wheat"
        }
    }, 
    {
        "pk": 34, 
        "model": "recipes.item", 
        "fields": {
            "name": "fresh chives"
        }
    }, 
    {
        "pk": 2, 
        "model": "recipes.item", 
        "fields": {
            "name": "fresh thyme"
        }
    }, 
    {
        "pk": 8, 
        "model": "recipes.item", 
        "fields": {
            "name": "garlic clove"
        }
    }, 
    {
        "pk": 9, 
        "model": "recipes.item", 
        "fields": {
            "name": "ground cumin"
        }
    }, 
    {
        "pk": 35, 
        "model": "recipes.item", 
        "fields": {
            "name": "haricots verts"
        }
    }, 
    {
        "pk": 19, 
        "model": "recipes.item", 
        "fields": {
            "name": "harissa"
        }
    }, 
    {
        "pk": 26, 
        "model": "recipes.item", 
        "fields": {
            "name": "honey"
        }
    }, 
    {
        "pk": 50, 
        "model": "recipes.item", 
        "fields": {
            "name": "jalapeno"
        }
    }, 
    {
        "pk": 30, 
        "model": "recipes.item", 
        "fields": {
            "name": "leeks"
        }
    }, 
    {
        "pk": 13, 
        "model": "recipes.item", 
        "fields": {
            "name": "lemon juice"
        }
    }, 
    {
        "pk": 1, 
        "model": "recipes.item", 
        "fields": {
            "name": "lemon zest"
        }
    }, 
    {
        "pk": 40, 
        "model": "recipes.item", 
        "fields": {
            "name": "lime"
        }
    }, 
    {
        "pk": 32, 
        "model": "recipes.item", 
        "fields": {
            "name": "milk, whole"
        }
    }, 
    {
        "pk": 24, 
        "model": "recipes.item", 
        "fields": {
            "name": "mustard, dijon"
        }
    }, 
    {
        "pk": 5, 
        "model": "recipes.item", 
        "fields": {
            "name": "olive oil, extra-virgin"
        }
    }, 
    {
        "pk": 49, 
        "model": "recipes.item", 
        "fields": {
            "name": "onion, red"
        }
    }, 
    {
        "pk": 15, 
        "model": "recipes.item", 
        "fields": {
            "name": "parsley, flat-leaf"
        }
    }, 
    {
        "pk": 7, 
        "model": "recipes.item", 
        "fields": {
            "name": "pepper, black"
        }
    }, 
    {
        "pk": 10, 
        "model": "recipes.item", 
        "fields": {
            "name": "pita"
        }
    }, 
    {
        "pk": 31, 
        "model": "recipes.item", 
        "fields": {
            "name": "potatoes, yukon gold"
        }
    }, 
    {
        "pk": 21, 
        "model": "recipes.item", 
        "fields": {
            "name": "radicchio"
        }
    }, 
    {
        "pk": 44, 
        "model": "recipes.item", 
        "fields": {
            "name": "red pepper flakes"
        }
    }, 
    {
        "pk": 20, 
        "model": "recipes.item", 
        "fields": {
            "name": "romaine lettuce"
        }
    }, 
    {
        "pk": 6, 
        "model": "recipes.item", 
        "fields": {
            "name": "salt, kosher"
        }
    }, 
    {
        "pk": 36, 
        "model": "recipes.item", 
        "fields": {
            "name": "shallots"
        }
    }, 
    {
        "pk": 45, 
        "model": "recipes.item", 
        "fields": {
            "name": "skirt steak"
        }
    }, 
    {
        "pk": 3, 
        "model": "recipes.item", 
        "fields": {
            "name": "sugar, granulated"
        }
    }, 
    {
        "pk": 12, 
        "model": "recipes.item", 
        "fields": {
            "name": "tahini"
        }
    }, 
    {
        "pk": 41, 
        "model": "recipes.item", 
        "fields": {
            "name": "tequila"
        }
    }, 
    {
        "pk": 46, 
        "model": "recipes.item", 
        "fields": {
            "name": "tomatillos"
        }
    }, 
    {
        "pk": 18, 
        "model": "recipes.item", 
        "fields": {
            "name": "tomato"
        }
    }, 
    {
        "pk": 23, 
        "model": "recipes.item", 
        "fields": {
            "name": "vinegar, balsamic"
        }
    }, 
    {
        "pk": 38, 
        "model": "recipes.item", 
        "fields": {
            "name": "walnut oil"
        }
    }, 
    {
        "pk": 37, 
        "model": "recipes.item", 
        "fields": {
            "name": "walnuts"
        }
    }, 
    {
        "pk": 1, 
        "model": "recipes.recipe", 
        "fields": {
            "name": "Cedar-Planked Lemon-Pepper Salmon", 
            "equipment": "2 15x7-inch untreated cedar planks", 
            "leftovers": true, 
            "tags": "fish, grilled, dinner", 
            "serves": 4, 
            "source_url": "http://www.finecooking.com/recipes/cedar-planked-lemon-pepper-salmon-horseradish-sauce.aspx", 
            "source": "Fine Cooking 111, Page 57", 
            "health": "nutrition information (per serving):\r\nCalories (kcal): 460; Fat (g): 28; Fat Calories (kcal): 260; Saturated Fat (g): 10; Protein (g): 46; Monounsaturated Fat (g): 10; Carbohydrates (g): 3; Polyunsaturated Fat (g): 6; Sodium (mg): 600; Cholesterol (mg): 150; Fiber (g): 1;", 
            "time": "1 hour", 
            "slug": "cedar-planked-lemon-pepper-salmon", 
            "instructions": "Tip: If you want to serve both salmon fillets for 8 people, double the sauce recipe.\r\n\r\nSoak the cedar planks in water to cover for at least 1 hour. Drain the planks.\r\n\r\nPrepare the sauce\r\nIn a small bowl, stir the cr\u00e8me fra\u00eeche, chives, and horseradish. Season to taste with salt and pepper. Refrigerate.\r\n\r\nPrepare the salmon\r\nIn a small bowl, combine the lemon zest, thyme, sugar, 1 1/2 tsp. salt, and 1 Tbs. pepper. Rub the mixture together with your fingers until the zest is distributed throughout. Rub the salmon fillets on both sides with the olive oil and then set each fillet skin side down on a plank. Sprinkle the fillets with the lemon-pepper mixture, dividing it evenly. Gently rub the seasoning into the fillets. Let stand at room temperature while the grill heats.\r\n\r\nCook the salmon\r\nPrepare a gas or charcoal grill fire for indirect cooking with high heat: On a gas grill, heat all burners on high; then turn off all but one burner just before cooking the salmon; on a charcoal grill, bank the coals to two opposite sides of the grill. Arrange the planks over the cooler part of the grill, positioning them so that the thickest part of the fish is closest to the heat source. Cover the grill and cook until the thickest part of each fillet registers about 135\u00b0F on an instant-read thermometer, 20 to 35 minutes depending on the thickness of the fillets. The planks may smoke a bit (this is fine) and will become very aromatic. Let the fillets rest on the planks for 5 to 10 minutes before serving.\r\n\r\nCut the salmon fillets crosswise into serving portions and transfer to individual plates. Serve with the sauce.\r\n\r\nmake ahead tips\r\n\r\nThe sauce may be made up to 1 day ahead, and refrigerated, covered.\r\nserving suggestions\r\n\r\nTo round out your Sunday supper, serve this dish with Peas and Carrots with Lemon, Dill, and Mint.\r\n\r\nleftovers\r\n\r\nCool any leftover salmon completely, wrap well, and refrigerate for up to 3 days."
        }
    }, 
    {
        "pk": 8, 
        "model": "recipes.recipe", 
        "fields": {
            "name": "Classic Vichyssoise", 
            "equipment": "", 
            "leftovers": false, 
            "tags": "dinner, soup", 
            "serves": 1, 
            "source_url": "http://www.finecooking.com/recipes/classic-vichyssoise.aspx", 
            "source": "Fine Cooking 099, page 27", 
            "health": "nutrition information (per serving):\r\nCalories (kcal): 300; Fat (g): 18; Fat Calories (kcal): 160; Saturated Fat (g): 11; Protein (g): 7; Monounsaturated Fat (g): 5; Carbohydrates (g): 30; Polyunsaturated Fat (g): 1; Sodium (mg): 210; Cholesterol (mg): 65; Fiber (g): 2;", 
            "time": "", 
            "slug": "classic-vichyssoise", 
            "instructions": "Combine the leeks, potatoes, milk, and 2 cups water in a 4-quart pot.\r\n\r\nBring to a simmer over medium-high heat. Add 1-1/2 tsp. salt, reduce the heat to medium low, and simmer until a potato slice falls apart when you poke it with a fork, about 20 minutes. Remove from the heat, stir in the cream, and let cool briefly.\r\n\r\nPur\u00e9e the soup, preferably using a regular blender and working in batches, filling it only half way each time.\r\n\r\nStrain the pur\u00e9ed soup through a fine sieve. Let cool to room temperature, stirring occasionally (stirring prevents a skin from forming), and then refrigerate until thoroughly chilled.\r\n\r\nBefore serving, thin the soup with water if necessary\u2014it should be the consistency of heavy cream. Season to taste with salt. Serve cold in chilled bowls, garnished with the chives."
        }
    }, 
    {
        "pk": 2, 
        "model": "recipes.recipe", 
        "fields": {
            "name": "Grilled Chickpea Burgers with Creamy Lemon Tahini Sauce", 
            "equipment": "", 
            "leftovers": false, 
            "tags": "dinner, grilled", 
            "serves": 1, 
            "source_url": "http://www.finecooking.com/recipes/grilled-chickpea-burgers-creamy-lemon-tahini-sauce.aspx", 
            "source": "Fine Cooking 111, Page 42", 
            "health": "nutrition information (per serving):\r\nCalories (kcal): 540; Fat (g): 23; Fat Calories (kcal): 210; Saturated Fat (g): 3; Protein (g): 20; Monounsaturated Fat (g): 12; Carbohydrates (g): 67; Polyunsaturated Fat (g): 6; Sodium (mg): 660; Cholesterol (mg): 30; Fiber (g): 13;", 
            "time": "", 
            "slug": "grilled-chickpea-burgers-with-creamy-lemon-tahini-sauce", 
            "instructions": "Prepare a high gas or charcoal grill fire.\r\n\r\nHeat the oil, garlic, and cumin in a small saucepan over medium-low heat until the garlic is soft but not brown, about 3 minutes. Set aside off the heat.\r\n\r\nTear one of the pitas in half and toast in a toaster until golden-brown and crisp. In a food processor, grind the pita into fine crumbs; transfer the crumbs to a small bowl and measure them\u2014you\u2019ll need 1/2 cup. If necessary, toast and grind a second pita.\r\n\r\nIn the food processor, pur\u00e9e 1 can of the chickpeas with the oil mixture, 2 Tbs. of the tahini, 1 Tbs. of the lemon juice, the egg, and 3/4 tsp. salt until smooth. Add the remaining chickpeas and the pita crumbs, parsley, and cilantro; pulse until the chickpeas are coarsely chopped and the mixture is well blended.\r\n\r\nPut the remaining 3 Tbs. tahini in a small bowl and gradually whisk in 2 Tbs. water and the remaining 3 Tbs. lemon juice (the tahini will thicken at first and then smooth out).\r\nShape the chickpea mixture into 6 patties, each about 3/4 inch thick. Brush both sides of each with oil. Grill, covered, until heated through and nicely marked on both sides, 2 to 3 minutes per side.\r\n\r\nCut the remaining 3 pitas in half and heat briefly on the grill. Layer the burgers in the pitas with the sliced cucumber and tomatoes, drizzle with the tahini sauce and harissa (if using), and serve.\r\n\r\n<b>Serving suggestions</b>\r\n\r\nServe these delicious burgers with Tabbouleh."
        }
    }, 
    {
        "pk": 4, 
        "model": "recipes.recipe", 
        "fields": {
            "name": "Grilled Pita Bread", 
            "equipment": "", 
            "leftovers": false, 
            "tags": "grilled, bread", 
            "serves": 1, 
            "source_url": "http://www.finecooking.com/recipes/grilled-pita-bread.aspx", 
            "source": "Fine Cooking 105, page 54", 
            "health": "nutrition information (per serving):\r\nCalories (kcal): 220; Fat (g): 3.5; Fat Calories (kcal): 30; Saturated Fat (g): 0; Protein (g): 6; Monounsaturated Fat (g): 2; Carbohydrates (g): 41; Polyunsaturated Fat (g): 0.5; Sodium (mg): 60; Cholesterol (mg): 0; Fiber (g): 2;", 
            "time": "", 
            "slug": "grilled-pita-bread", 
            "instructions": "In a small bowl, mix the honey with 1/2 cup lukewarm water and stir in the yeast. Let sit until the yeast has started to foam, 2 to 3 minutes.\r\n\r\nPut both flours and the salt in the bowl of a stand mixer fitted with the dough hook. With the mixer running on low speed, mix in the olive oil until fully incorporated, about 2 minutes. Add the yeast mixture and 1 cup lukewarm water and mix until fully incorporated, 2 to 3 minutes more. Raise the speed to medium and knead the dough until it comes away from the sides of the bowl and forms a ball that is smooth, elastic, and no longer sticky, 4 to 5 minutes. If the dough seems too wet, add more all-purpose flour, 1 tsp. at a time. Raise the speed to medium high and continue to knead for 5 minutes. Oil a medium bowl, transfer the dough to the bowl, and roll to coat it with the oil. Cover with plastic wrap and let rise in a warm place until doubled in size, about 1 hour.\r\n\r\nTurn the dough onto a lightly floured surface and knead two or three times to remove any air bubbles. Form into a log and divide it evenly into 10 pieces. Form each piece into a ball and then roll into disks about 1/4 inch thick and 6 inches in diameter. Lightly oil two rimmed baking sheets. Put the disks on the baking sheets, cover with plastic wrap, and let rise until just doubled in thickness, 30 to 45 minutes.\r\n\r\nPrepare a medium-high gas grill fire, leaving one burner off, or prepare a charcoal fire with a hot zone and cool zone by pushing the coals to one side of the grill.\r\n\r\nBrush a cast-iron griddle or skillet lightly with olive oil and put it on the grill over the cool zone. When very hot, cook the pitas in batches on the griddle until starting to brown, 2 to 3 minutes. Flip and continue cooking until lightly golden on the bottom and the pitas are cooked through, 2 to 3 minutes more. Cool on a wire rack. If stuffing, cut the pitas in half and carefully separate the layers with a fork."
        }
    }, 
    {
        "pk": 3, 
        "model": "recipes.recipe", 
        "fields": {
            "name": "Grilled Radicchio and Romaine Salad", 
            "equipment": "", 
            "leftovers": false, 
            "tags": "grilled, salad, dinner", 
            "serves": 1, 
            "source_url": "http://www.finecooking.com/recipes/grilled-radicchio-romaine-salad.aspx", 
            "source": "Fine Cooking 111, page 21", 
            "health": "nutrition information (per serving):\r\nCalories (kcal): 310; Fat (g): 27; Fat Calories (kcal): 240; Saturated Fat (g): 5; Protein (g): 10; Monounsaturated Fat (g): 18; Carbohydrates (g): 8; Polyunsaturated Fat (g): 3; Sodium (mg): 750; Cholesterol (mg): 20; Fiber (g): 3;", 
            "time": "", 
            "slug": "grilled-radicchio-and-romaine-salad", 
            "instructions": "Prepare a medium-high gas or charcoal grill fire, or heat a grill pan over medium-high heat until hot.\r\n\r\nCut the romaine and radicchio in half through the root ends. Rinse the leaves and dry well.\r\n\r\nPour the oil into a large baking dish. Dip the lettuces cut side down in the oil, swirling to coat well; then place them cut side down on the grill. Grill, covered, without turning, until charred and wilted in spots, about 4 minutes. Transfer to a cutting board. Remove the cores and chop the lettuce into bite-size pieces.\r\n\r\nPress the garlic and the anchovy through a garlic press into a large salad bowl (or mince by hand). Whisk in the vinegar, mustard, and 1/2 tsp. each salt and pepper. Transfer the lettuces and any juice from the cutting board to the salad bowl. Add the cheese and toss well."
        }
    }, 
    {
        "pk": 5, 
        "model": "recipes.recipe", 
        "fields": {
            "name": "Haricots Verts with Toasted Walnuts and Ch\u00e8vre", 
            "equipment": "", 
            "leftovers": false, 
            "tags": "salad, dinner", 
            "serves": 1, 
            "source_url": "http://www.finecooking.com/recipes/haricots-verts-toasted-walnuts-chevre.aspx", 
            "source": "Fine Cooking 099, page 43", 
            "health": "nutrition information (per serving):\r\nCalories (kcal): 180; Fat (g): 15; Fat Calories (kcal): 130; Saturated Fat (g): 3.5; Protein (g): 6; Monounsaturated Fat (g): 4.5; Carbohydrates (g): 8; Polyunsaturated Fat (g): 7; Sodium (mg): 340; Cholesterol (mg): 5; Fiber (g): 3;", 
            "time": "", 
            "slug": "haricots-verts-with-toasted-walnuts-and-chevre", 
            "instructions": "Bring a medium pot of well-salted water to a boil. Cook the beans in the water until tender, 2 to 3 minutes. Drain and run under cold water to cool. Drain well.\r\n\r\nHeat the olive oil in a 12-inch skillet over medium-high heat. Add the shallots and cook, stirring, until they begin to brown, about 30 seconds. Stir in the walnuts. Add the walnut oil and the beans and cook, stirring to heat through, 2 to 3 minutes. Season to taste with salt and pepper and transfer the beans to a serving dish. Sprinkle the goat cheese over the top and serve."
        }
    }, 
    {
        "pk": 6, 
        "model": "recipes.recipe", 
        "fields": {
            "name": "Margarita-Marinated Grilled Skirt Steak with Tomatillo Salsa", 
            "equipment": "", 
            "leftovers": false, 
            "tags": "dinner, grilled", 
            "serves": 1, 
            "source_url": "http://www.finecooking.com/recipes/margarita-marinated-skirt-steak-grilled-tomatillo-salsa.aspx", 
            "source": "Fine Cooking 100, page 16", 
            "health": "nutrition information (per serving):\r\nCalories (kcal): 380; Fat (g): 22; Fat Calories (kcal): 200; Saturated Fat (g): 6; Protein (g): 33; Monounsaturated Fat (g): 12; Carbohydrates (g): 9; Polyunsaturated Fat (g): 2.5; Sodium (mg): 290; Cholesterol (mg): 85; Fiber (g): 3;", 
            "time": "", 
            "slug": "margarita-marinated-grilled-skirt-steak-with-tomatillo-salsa", 
            "instructions": "Marinate the steak:\r\nFinely grate the zest from 1 lime and put it in a 9x13-inch baking dish. Finely grate 1 tsp. zest from the second lime and set aside for the salsa. Juice the limes. Add 1/4 cup juice to the zest in the baking dish and mix 1 tsp. juice into the zest for the salsa.\r\n\r\nTo the baking dish, add the tequila, oil, cilantro, Cointreau, garlic, and pepper flakes; whisk to combine. Season the steak all over with 1/2 tsp. salt. Add it to the marinade and turn to coat. Cover with plastic wrap and refrigerate for 2 hours, turning the steak after 1 hour.\r\n\r\nMake the salsa:\r\nPrepare a medium gas or charcoal grill fire. Scrub the grill grate with a wire brush and then wipe clean with a paper towel dipped in oil.\r\n\r\nRub the tomatillos and yellow pepper all over with the 1 Tbs. oil and season with 1/2 tsp. salt. Grill the tomatillos, turning occasionally, until they have good grill marks and are starting to collapse, about 6 minutes. Grill the pepper, turning occasionally, until charred all over, 8 to 10 minutes. Transfer the tomatillos to a plate and let cool. Put the pepper in a small bowl and cover with plastic wrap. Let sit until cool enough to handle.\r\n\r\nRoughly chop the tomatillos and put them in a medium bowl. Peel the skin from the pepper, remove the seeds, and cut into small dice. Add the pepper to the tomatillos along with the avocado, onion, cilantro, jalape\u00f1o, and the reserved lime zest and juice. Season to taste with salt and pepper.\r\n\r\nGrill the steak:\r\nRemove the steak from the marinade and pat it dry. Clean and oil the grill grates again. Grill the steak, covered, over medium heat until brown grill marks form on one side, about 5 minutes. Flip and cook until medium rare (130\u00b0F on an instant-read thermometer), 4 to 5 minutes more. Transfer to a cutting board and let rest for 5 minutes. Cut each steak crosswise into 2 or 3 pieces, and then thinly slice across the grain. Serve with the salsa on the side.\r\n\r\nmake ahead tips\r\n\r\nThe salsa may be prepared up to 2 hours ahead. \r\nserving suggestions\r\n\r\nServe with a Black Bean and Corn Salad and a Fresh Cherry Margarita to drink."
        }
    }, 
    {
        "pk": 7, 
        "model": "recipes.recipe", 
        "fields": {
            "name": "stir", 
            "equipment": "", 
            "leftovers": false, 
            "tags": "", 
            "serves": 1, 
            "source_url": "", 
            "source": "105 63", 
            "health": "", 
            "time": "", 
            "slug": "stir", 
            "instructions": "gg"
        }
    }, 
    {
        "pk": 1, 
        "model": "recipes.ingredient", 
        "fields": {
            "multiplier": 1, 
            "recipe": 1, 
            "preparation": "grated, minced", 
            "item": 1, 
            "amount": "1", 
            "measurement": 1, 
            "optional": false, 
            "order": 1
        }
    }, 
    {
        "pk": 8, 
        "model": "recipes.ingredient", 
        "fields": {
            "multiplier": 1, 
            "recipe": 2, 
            "preparation": "more for brushing", 
            "item": 5, 
            "amount": "1/4", 
            "measurement": 4, 
            "optional": false, 
            "order": 1
        }
    }, 
    {
        "pk": 22, 
        "model": "recipes.ingredient", 
        "fields": {
            "multiplier": 1, 
            "recipe": 3, 
            "preparation": "1 medium head", 
            "item": 20, 
            "amount": "1", 
            "measurement": 3, 
            "optional": false, 
            "order": 1
        }
    }, 
    {
        "pk": 32, 
        "model": "recipes.ingredient", 
        "fields": {
            "multiplier": 1, 
            "recipe": 4, 
            "preparation": "", 
            "item": 26, 
            "amount": "1", 
            "measurement": 1, 
            "optional": false, 
            "order": 1
        }
    }, 
    {
        "pk": 38, 
        "model": "recipes.ingredient", 
        "fields": {
            "multiplier": 4, 
            "recipe": 8, 
            "preparation": "medium size, trimmed and washed as directed opposite, sliced 1/8 inch thick (about 3 cups)", 
            "item": 30, 
            "amount": "4", 
            "measurement": 4, 
            "optional": false, 
            "order": 1
        }
    }, 
    {
        "pk": 44, 
        "model": "recipes.ingredient", 
        "fields": {
            "multiplier": 1, 
            "recipe": 5, 
            "preparation": "", 
            "item": 6, 
            "amount": "1", 
            "measurement": null, 
            "optional": false, 
            "order": 1
        }
    }, 
    {
        "pk": 52, 
        "model": "recipes.ingredient", 
        "fields": {
            "multiplier": 1, 
            "recipe": 6, 
            "preparation": "", 
            "item": 40, 
            "amount": "2", 
            "measurement": null, 
            "optional": false, 
            "order": 1
        }
    }, 
    {
        "pk": 2, 
        "model": "recipes.ingredient", 
        "fields": {
            "multiplier": 1, 
            "recipe": 1, 
            "preparation": "chopped", 
            "item": 2, 
            "amount": "1-1/2", 
            "measurement": 2, 
            "optional": false, 
            "order": 2
        }
    }, 
    {
        "pk": 9, 
        "model": "recipes.ingredient", 
        "fields": {
            "multiplier": 4, 
            "recipe": 2, 
            "preparation": "medium", 
            "item": 8, 
            "amount": "1", 
            "measurement": null, 
            "optional": false, 
            "order": 2
        }
    }, 
    {
        "pk": 23, 
        "model": "recipes.ingredient", 
        "fields": {
            "multiplier": 1, 
            "recipe": 3, 
            "preparation": "1 medium head", 
            "item": 21, 
            "amount": "8", 
            "measurement": 6, 
            "optional": false, 
            "order": 2
        }
    }, 
    {
        "pk": 33, 
        "model": "recipes.ingredient", 
        "fields": {
            "multiplier": 1, 
            "recipe": 4, 
            "preparation": "", 
            "item": 27, 
            "amount": "2", 
            "measurement": 2, 
            "optional": false, 
            "order": 2
        }
    }, 
    {
        "pk": 39, 
        "model": "recipes.ingredient", 
        "fields": {
            "multiplier": 2, 
            "recipe": 8, 
            "preparation": "large, peeled and sliced 1/8 inch thick (about 4 cups)", 
            "item": 31, 
            "amount": "4", 
            "measurement": 4, 
            "optional": false, 
            "order": 2
        }
    }, 
    {
        "pk": 45, 
        "model": "recipes.ingredient", 
        "fields": {
            "multiplier": 1, 
            "recipe": 5, 
            "preparation": "(green, yellow, or both), trimmed", 
            "item": 35, 
            "amount": "3/4", 
            "measurement": 3, 
            "optional": false, 
            "order": 2
        }
    }, 
    {
        "pk": 53, 
        "model": "recipes.ingredient", 
        "fields": {
            "multiplier": 1, 
            "recipe": 6, 
            "preparation": "", 
            "item": 41, 
            "amount": "1/3", 
            "measurement": 4, 
            "optional": false, 
            "order": 2
        }
    }, 
    {
        "pk": 3, 
        "model": "recipes.ingredient", 
        "fields": {
            "multiplier": 1, 
            "recipe": 1, 
            "preparation": "", 
            "item": 3, 
            "amount": "1/2", 
            "measurement": 2, 
            "optional": false, 
            "order": 3
        }
    }, 
    {
        "pk": 10, 
        "model": "recipes.ingredient", 
        "fields": {
            "multiplier": 1, 
            "recipe": 2, 
            "preparation": "", 
            "item": 9, 
            "amount": "2", 
            "measurement": 2, 
            "optional": false, 
            "order": 3
        }
    }, 
    {
        "pk": 24, 
        "model": "recipes.ingredient", 
        "fields": {
            "multiplier": 1, 
            "recipe": 3, 
            "preparation": "", 
            "item": 5, 
            "amount": "1/2", 
            "measurement": 4, 
            "optional": false, 
            "order": 3
        }
    }, 
    {
        "pk": 34, 
        "model": "recipes.ingredient", 
        "fields": {
            "multiplier": 1, 
            "recipe": 4, 
            "preparation": "more as needed", 
            "item": 28, 
            "amount": "3-1/2", 
            "measurement": 4, 
            "optional": false, 
            "order": 3
        }
    }, 
    {
        "pk": 40, 
        "model": "recipes.ingredient", 
        "fields": {
            "multiplier": 1, 
            "recipe": 8, 
            "preparation": "", 
            "item": 32, 
            "amount": "2", 
            "measurement": 4, 
            "optional": false, 
            "order": 3
        }
    }, 
    {
        "pk": 46, 
        "model": "recipes.ingredient", 
        "fields": {
            "multiplier": 1, 
            "recipe": 5, 
            "preparation": "", 
            "item": 5, 
            "amount": "1", 
            "measurement": 1, 
            "optional": false, 
            "order": 3
        }
    }, 
    {
        "pk": 54, 
        "model": "recipes.ingredient", 
        "fields": {
            "multiplier": 1, 
            "recipe": 6, 
            "preparation": "", 
            "item": 42, 
            "amount": "1/4", 
            "measurement": 4, 
            "optional": false, 
            "order": 3
        }
    }, 
    {
        "pk": 6, 
        "model": "recipes.ingredient", 
        "fields": {
            "multiplier": 1, 
            "recipe": 1, 
            "preparation": "", 
            "item": 6, 
            "amount": "1-1/2", 
            "measurement": 2, 
            "optional": false, 
            "order": 4
        }
    }, 
    {
        "pk": 11, 
        "model": "recipes.ingredient", 
        "fields": {
            "multiplier": 4, 
            "recipe": 2, 
            "preparation": "six-inches", 
            "item": 10, 
            "amount": "1", 
            "measurement": null, 
            "optional": false, 
            "order": 4
        }
    }, 
    {
        "pk": 25, 
        "model": "recipes.ingredient", 
        "fields": {
            "multiplier": 1, 
            "recipe": 3, 
            "preparation": "medium", 
            "item": 8, 
            "amount": "1", 
            "measurement": null, 
            "optional": false, 
            "order": 4
        }
    }, 
    {
        "pk": 35, 
        "model": "recipes.ingredient", 
        "fields": {
            "multiplier": 1, 
            "recipe": 4, 
            "preparation": "", 
            "item": 29, 
            "amount": "2-1/2", 
            "measurement": 6, 
            "optional": false, 
            "order": 4
        }
    }, 
    {
        "pk": 41, 
        "model": "recipes.ingredient", 
        "fields": {
            "multiplier": 1, 
            "recipe": 8, 
            "preparation": "", 
            "item": 6, 
            "amount": "1", 
            "measurement": null, 
            "optional": false, 
            "order": 4
        }
    }, 
    {
        "pk": 47, 
        "model": "recipes.ingredient", 
        "fields": {
            "multiplier": 1, 
            "recipe": 5, 
            "preparation": "minced", 
            "item": 36, 
            "amount": "2", 
            "measurement": 1, 
            "optional": false, 
            "order": 4
        }
    }, 
    {
        "pk": 55, 
        "model": "recipes.ingredient", 
        "fields": {
            "multiplier": 1, 
            "recipe": 6, 
            "preparation": "chopped fresh", 
            "item": 16, 
            "amount": "2", 
            "measurement": 1, 
            "optional": false, 
            "order": 4
        }
    }, 
    {
        "pk": 7, 
        "model": "recipes.ingredient", 
        "fields": {
            "multiplier": 1, 
            "recipe": 1, 
            "preparation": "freshly ground", 
            "item": 7, 
            "amount": "1", 
            "measurement": 1, 
            "optional": false, 
            "order": 5
        }
    }, 
    {
        "pk": 12, 
        "model": "recipes.ingredient", 
        "fields": {
            "multiplier": 2, 
            "recipe": 2, 
            "preparation": "drained and rinsed", 
            "item": 11, 
            "amount": "15.5-oz", 
            "measurement": 5, 
            "optional": false, 
            "order": 5
        }
    }, 
    {
        "pk": 26, 
        "model": "recipes.ingredient", 
        "fields": {
            "multiplier": 1, 
            "recipe": 3, 
            "preparation": "small, rinsed and patted dry", 
            "item": 22, 
            "amount": "1", 
            "measurement": null, 
            "optional": false, 
            "order": 5
        }
    }, 
    {
        "pk": 36, 
        "model": "recipes.ingredient", 
        "fields": {
            "multiplier": 1, 
            "recipe": 4, 
            "preparation": "", 
            "item": 6, 
            "amount": "1-1/2", 
            "measurement": 2, 
            "optional": false, 
            "order": 5
        }
    }, 
    {
        "pk": 42, 
        "model": "recipes.ingredient", 
        "fields": {
            "multiplier": 1, 
            "recipe": 8, 
            "preparation": "", 
            "item": 33, 
            "amount": "1", 
            "measurement": 4, 
            "optional": false, 
            "order": 5
        }
    }, 
    {
        "pk": 48, 
        "model": "recipes.ingredient", 
        "fields": {
            "multiplier": 1, 
            "recipe": 5, 
            "preparation": "lightly toasted and chopped", 
            "item": 37, 
            "amount": "1/3", 
            "measurement": 4, 
            "optional": false, 
            "order": 5
        }
    }, 
    {
        "pk": 56, 
        "model": "recipes.ingredient", 
        "fields": {
            "multiplier": 1, 
            "recipe": 6, 
            "preparation": "", 
            "item": 43, 
            "amount": "1", 
            "measurement": 1, 
            "optional": false, 
            "order": 5
        }
    }, 
    {
        "pk": 4, 
        "model": "recipes.ingredient", 
        "fields": {
            "multiplier": 2, 
            "recipe": 1, 
            "preparation": "boneless, skin-on, pin bones removed", 
            "item": 4, 
            "amount": "2", 
            "measurement": 3, 
            "optional": false, 
            "order": 6
        }
    }, 
    {
        "pk": 13, 
        "model": "recipes.ingredient", 
        "fields": {
            "multiplier": 1, 
            "recipe": 2, 
            "preparation": "", 
            "item": 12, 
            "amount": "5", 
            "measurement": 1, 
            "optional": false, 
            "order": 6
        }
    }, 
    {
        "pk": 27, 
        "model": "recipes.ingredient", 
        "fields": {
            "multiplier": 1, 
            "recipe": 3, 
            "preparation": "", 
            "item": 23, 
            "amount": "2-1/2", 
            "measurement": 1, 
            "optional": false, 
            "order": 6
        }
    }, 
    {
        "pk": 37, 
        "model": "recipes.ingredient", 
        "fields": {
            "multiplier": 1, 
            "recipe": 4, 
            "preparation": "more for the bowl", 
            "item": 5, 
            "amount": "2", 
            "measurement": 1, 
            "optional": false, 
            "order": 6
        }
    }, 
    {
        "pk": 43, 
        "model": "recipes.ingredient", 
        "fields": {
            "multiplier": 1, 
            "recipe": 8, 
            "preparation": "thinly sliced, for garnish", 
            "item": 34, 
            "amount": "1", 
            "measurement": null, 
            "optional": false, 
            "order": 6
        }
    }, 
    {
        "pk": 49, 
        "model": "recipes.ingredient", 
        "fields": {
            "multiplier": 1, 
            "recipe": 5, 
            "preparation": "", 
            "item": 38, 
            "amount": "2", 
            "measurement": 2, 
            "optional": false, 
            "order": 6
        }
    }, 
    {
        "pk": 57, 
        "model": "recipes.ingredient", 
        "fields": {
            "multiplier": 2, 
            "recipe": 6, 
            "preparation": "medium, minced", 
            "item": 8, 
            "amount": "1", 
            "measurement": null, 
            "optional": false, 
            "order": 6
        }
    }, 
    {
        "pk": 5, 
        "model": "recipes.ingredient", 
        "fields": {
            "multiplier": 1, 
            "recipe": 1, 
            "preparation": "", 
            "item": 5, 
            "amount": "2", 
            "measurement": 1, 
            "optional": false, 
            "order": 7
        }
    }, 
    {
        "pk": 14, 
        "model": "recipes.ingredient", 
        "fields": {
            "multiplier": 1, 
            "recipe": 2, 
            "preparation": "fresh from one medium lemon", 
            "item": 13, 
            "amount": "1/4", 
            "measurement": 4, 
            "optional": false, 
            "order": 7
        }
    }, 
    {
        "pk": 28, 
        "model": "recipes.ingredient", 
        "fields": {
            "multiplier": 1, 
            "recipe": 3, 
            "preparation": "", 
            "item": 24, 
            "amount": "1/2", 
            "measurement": 2, 
            "optional": false, 
            "order": 7
        }
    }, 
    {
        "pk": 50, 
        "model": "recipes.ingredient", 
        "fields": {
            "multiplier": 1, 
            "recipe": 5, 
            "preparation": "freshly ground", 
            "item": 7, 
            "amount": "1", 
            "measurement": null, 
            "optional": false, 
            "order": 7
        }
    }, 
    {
        "pk": 58, 
        "model": "recipes.ingredient", 
        "fields": {
            "multiplier": 1, 
            "recipe": 6, 
            "preparation": "crushed", 
            "item": 44, 
            "amount": "1/8", 
            "measurement": 2, 
            "optional": false, 
            "order": 7
        }
    }, 
    {
        "pk": 15, 
        "model": "recipes.ingredient", 
        "fields": {
            "multiplier": 1, 
            "recipe": 2, 
            "preparation": "large", 
            "item": 14, 
            "amount": "1", 
            "measurement": null, 
            "optional": false, 
            "order": 8
        }
    }, 
    {
        "pk": 29, 
        "model": "recipes.ingredient", 
        "fields": {
            "multiplier": 1, 
            "recipe": 3, 
            "preparation": "", 
            "item": 6, 
            "amount": "1", 
            "measurement": null, 
            "optional": false, 
            "order": 8
        }
    }, 
    {
        "pk": 51, 
        "model": "recipes.ingredient", 
        "fields": {
            "multiplier": 1, 
            "recipe": 5, 
            "preparation": "fresh, crumbled (2/3 cup)", 
            "item": 39, 
            "amount": "2", 
            "measurement": 6, 
            "optional": false, 
            "order": 8
        }
    }, 
    {
        "pk": 59, 
        "model": "recipes.ingredient", 
        "fields": {
            "multiplier": 1, 
            "recipe": 6, 
            "preparation": "", 
            "item": 45, 
            "amount": "2", 
            "measurement": 3, 
            "optional": false, 
            "order": 8
        }
    }, 
    {
        "pk": 16, 
        "model": "recipes.ingredient", 
        "fields": {
            "multiplier": 1, 
            "recipe": 2, 
            "preparation": "", 
            "item": 6, 
            "amount": "1", 
            "measurement": null, 
            "optional": false, 
            "order": 9
        }
    }, 
    {
        "pk": 30, 
        "model": "recipes.ingredient", 
        "fields": {
            "multiplier": 1, 
            "recipe": 3, 
            "preparation": "freshly ground", 
            "item": 7, 
            "amount": "1", 
            "measurement": null, 
            "optional": false, 
            "order": 9
        }
    }, 
    {
        "pk": 60, 
        "model": "recipes.ingredient", 
        "fields": {
            "multiplier": 1, 
            "recipe": 6, 
            "preparation": "", 
            "item": 6, 
            "amount": "1", 
            "measurement": null, 
            "optional": false, 
            "order": 9
        }
    }, 
    {
        "pk": 17, 
        "model": "recipes.ingredient", 
        "fields": {
            "multiplier": 1, 
            "recipe": 2, 
            "preparation": "chopped fresh", 
            "item": 15, 
            "amount": "2", 
            "measurement": 1, 
            "optional": false, 
            "order": 10
        }
    }, 
    {
        "pk": 31, 
        "model": "recipes.ingredient", 
        "fields": {
            "multiplier": 1, 
            "recipe": 3, 
            "preparation": "grated on the large holes of a box grater (1/2 cup, lightly packed)", 
            "item": 25, 
            "amount": "1-1/2", 
            "measurement": 6, 
            "optional": false, 
            "order": 10
        }
    }, 
    {
        "pk": 61, 
        "model": "recipes.ingredient", 
        "fields": {
            "multiplier": 1, 
            "recipe": 6, 
            "preparation": "more for the grill", 
            "item": 5, 
            "amount": "1", 
            "measurement": 1, 
            "optional": false, 
            "order": 10
        }
    }, 
    {
        "pk": 18, 
        "model": "recipes.ingredient", 
        "fields": {
            "multiplier": 1, 
            "recipe": 2, 
            "preparation": "chopped fresh", 
            "item": 16, 
            "amount": "2", 
            "measurement": 1, 
            "optional": false, 
            "order": 11
        }
    }, 
    {
        "pk": 62, 
        "model": "recipes.ingredient", 
        "fields": {
            "multiplier": 1, 
            "recipe": 6, 
            "preparation": "(10 to 15) husked and rinsed", 
            "item": 46, 
            "amount": "1", 
            "measurement": 3, 
            "optional": false, 
            "order": 11
        }
    }, 
    {
        "pk": 19, 
        "model": "recipes.ingredient", 
        "fields": {
            "multiplier": 1, 
            "recipe": 2, 
            "preparation": "thinly sliced", 
            "item": 17, 
            "amount": "1/4", 
            "measurement": null, 
            "optional": false, 
            "order": 12
        }
    }, 
    {
        "pk": 63, 
        "model": "recipes.ingredient", 
        "fields": {
            "multiplier": 1, 
            "recipe": 6, 
            "preparation": "medium", 
            "item": 47, 
            "amount": "1", 
            "measurement": null, 
            "optional": false, 
            "order": 12
        }
    }, 
    {
        "pk": 20, 
        "model": "recipes.ingredient", 
        "fields": {
            "multiplier": 1, 
            "recipe": 2, 
            "preparation": "medium, thinly sliced", 
            "item": 18, 
            "amount": "1", 
            "measurement": null, 
            "optional": false, 
            "order": 13
        }
    }, 
    {
        "pk": 64, 
        "model": "recipes.ingredient", 
        "fields": {
            "multiplier": 1, 
            "recipe": 6, 
            "preparation": "", 
            "item": 6, 
            "amount": "1", 
            "measurement": null, 
            "optional": false, 
            "order": 13
        }
    }, 
    {
        "pk": 21, 
        "model": "recipes.ingredient", 
        "fields": {
            "multiplier": 1, 
            "recipe": 2, 
            "preparation": "or other hot sauce", 
            "item": 19, 
            "amount": "1", 
            "measurement": null, 
            "optional": true, 
            "order": 14
        }
    }, 
    {
        "pk": 65, 
        "model": "recipes.ingredient", 
        "fields": {
            "multiplier": 1, 
            "recipe": 6, 
            "preparation": "medium, ripe, diced", 
            "item": 48, 
            "amount": "1/2", 
            "measurement": null, 
            "optional": false, 
            "order": 14
        }
    }, 
    {
        "pk": 66, 
        "model": "recipes.ingredient", 
        "fields": {
            "multiplier": 1, 
            "recipe": 6, 
            "preparation": "minced", 
            "item": 49, 
            "amount": "2", 
            "measurement": 1, 
            "optional": false, 
            "order": 15
        }
    }, 
    {
        "pk": 67, 
        "model": "recipes.ingredient", 
        "fields": {
            "multiplier": 1, 
            "recipe": 6, 
            "preparation": "fresh, chopped", 
            "item": 16, 
            "amount": "1", 
            "measurement": 1, 
            "optional": false, 
            "order": 16
        }
    }, 
    {
        "pk": 68, 
        "model": "recipes.ingredient", 
        "fields": {
            "multiplier": 1, 
            "recipe": 6, 
            "preparation": "seeded and minced", 
            "item": 50, 
            "amount": "1", 
            "measurement": null, 
            "optional": false, 
            "order": 17
        }
    }, 
    {
        "pk": 69, 
        "model": "recipes.ingredient", 
        "fields": {
            "multiplier": 1, 
            "recipe": 6, 
            "preparation": "freshly ground", 
            "item": 7, 
            "amount": "1", 
            "measurement": null, 
            "optional": false, 
            "order": 18
        }
    }
]