[
    {
        "pk": 1, 
        "model": "recipes.measurement", 
        "fields": {
            "name": "Tbs."
        }
    }, 
    {
        "pk": 5, 
        "model": "recipes.measurement", 
        "fields": {
            "name": "can"
        }
    }, 
    {
        "pk": 4, 
        "model": "recipes.measurement", 
        "fields": {
            "name": "cup"
        }
    }, 
    {
        "pk": 3, 
        "model": "recipes.measurement", 
        "fields": {
            "name": "lb."
        }
    }, 
    {
        "pk": 6, 
        "model": "recipes.measurement", 
        "fields": {
            "name": "oz."
        }
    }, 
    {
        "pk": 2, 
        "model": "recipes.measurement", 
        "fields": {
            "name": "tsp."
        }
    }, 
    {
        "pk": 22, 
        "model": "recipes.item", 
        "fields": {
            "name": "anchovy fillet"
        }
    }, 
    {
        "pk": 25, 
        "model": "recipes.item", 
        "fields": {
            "name": "cheese, parmigiano-reggiano"
        }
    }, 
    {
        "pk": 11, 
        "model": "recipes.item", 
        "fields": {
            "name": "chickpeas (garbonzo beans)"
        }
    }, 
    {
        "pk": 16, 
        "model": "recipes.item", 
        "fields": {
            "name": "cilantro"
        }
    }, 
    {
        "pk": 17, 
        "model": "recipes.item", 
        "fields": {
            "name": "cucumber, english"
        }
    }, 
    {
        "pk": 14, 
        "model": "recipes.item", 
        "fields": {
            "name": "egg"
        }
    }, 
    {
        "pk": 2, 
        "model": "recipes.item", 
        "fields": {
            "name": "fresh thyme"
        }
    }, 
    {
        "pk": 8, 
        "model": "recipes.item", 
        "fields": {
            "name": "garlic clove"
        }
    }, 
    {
        "pk": 9, 
        "model": "recipes.item", 
        "fields": {
            "name": "ground cumin"
        }
    }, 
    {
        "pk": 19, 
        "model": "recipes.item", 
        "fields": {
            "name": "harissa"
        }
    }, 
    {
        "pk": 13, 
        "model": "recipes.item", 
        "fields": {
            "name": "lemon juice"
        }
    }, 
    {
        "pk": 1, 
        "model": "recipes.item", 
        "fields": {
            "name": "lemon zest"
        }
    }, 
    {
        "pk": 24, 
        "model": "recipes.item", 
        "fields": {
            "name": "mustard, dijon"
        }
    }, 
    {
        "pk": 5, 
        "model": "recipes.item", 
        "fields": {
            "name": "olive oil, extra-virgin"
        }
    }, 
    {
        "pk": 15, 
        "model": "recipes.item", 
        "fields": {
            "name": "parsley, flat-leaf"
        }
    }, 
    {
        "pk": 7, 
        "model": "recipes.item", 
        "fields": {
            "name": "pepper, black"
        }
    }, 
    {
        "pk": 10, 
        "model": "recipes.item", 
        "fields": {
            "name": "pita"
        }
    }, 
    {
        "pk": 21, 
        "model": "recipes.item", 
        "fields": {
            "name": "radicchio"
        }
    }, 
    {
        "pk": 20, 
        "model": "recipes.item", 
        "fields": {
            "name": "romaine lettuce"
        }
    }, 
    {
        "pk": 4, 
        "model": "recipes.item", 
        "fields": {
            "name": "salmon fillet"
        }
    }, 
    {
        "pk": 6, 
        "model": "recipes.item", 
        "fields": {
            "name": "salt, kosher"
        }
    }, 
    {
        "pk": 3, 
        "model": "recipes.item", 
        "fields": {
            "name": "sugar, granulated"
        }
    }, 
    {
        "pk": 12, 
        "model": "recipes.item", 
        "fields": {
            "name": "tahini"
        }
    }, 
    {
        "pk": 18, 
        "model": "recipes.item", 
        "fields": {
            "name": "tomato"
        }
    }, 
    {
        "pk": 23, 
        "model": "recipes.item", 
        "fields": {
            "name": "vinegar, balsamic"
        }
    }, 
    {
        "pk": 1, 
        "model": "recipes.recipe", 
        "fields": {
            "name": "Cedar-Planked Lemon-Pepper Salmon", 
            "equipment": "2 15x7-inch untreated cedar planks", 
            "leftovers": true, 
            "tags": "", 
            "serves": 4, 
            "source_url": "http://www.finecooking.com/recipes/cedar-planked-lemon-pepper-salmon-horseradish-sauce.aspx", 
            "source": "Fine Cooking 111, June/July 2011, Page 57", 
            "health": "nutrition information (per serving):\r\nCalories (kcal): 460; Fat (g): 28; Fat Calories (kcal): 260; Saturated Fat (g): 10; Protein (g): 46; Monounsaturated Fat (g): 10; Carbohydrates (g): 3; Polyunsaturated Fat (g): 6; Sodium (mg): 600; Cholesterol (mg): 150; Fiber (g): 1;", 
            "time": "1 hour", 
            "slug": "cedar-planked-lemon-pepper-salmon", 
            "instructions": "Tip: If you want to serve both salmon fillets for 8 people, double the sauce recipe.\r\n\r\nSoak the cedar planks in water to cover for at least 1 hour. Drain the planks.\r\n\r\nPrepare the sauce\r\nIn a small bowl, stir the cr\u00e8me fra\u00eeche, chives, and horseradish. Season to taste with salt and pepper. Refrigerate.\r\n\r\nPrepare the salmon\r\nIn a small bowl, combine the lemon zest, thyme, sugar, 1 1/2 tsp. salt, and 1 Tbs. pepper. Rub the mixture together with your fingers until the zest is distributed throughout. Rub the salmon fillets on both sides with the olive oil and then set each fillet skin side down on a plank. Sprinkle the fillets with the lemon-pepper mixture, dividing it evenly. Gently rub the seasoning into the fillets. Let stand at room temperature while the grill heats.\r\n\r\nCook the salmon\r\nPrepare a gas or charcoal grill fire for indirect cooking with high heat: On a gas grill, heat all burners on high; then turn off all but one burner just before cooking the salmon; on a charcoal grill, bank the coals to two opposite sides of the grill. Arrange the planks over the cooler part of the grill, positioning them so that the thickest part of the fish is closest to the heat source. Cover the grill and cook until the thickest part of each fillet registers about 135\u00b0F on an instant-read thermometer, 20 to 35 minutes depending on the thickness of the fillets. The planks may smoke a bit (this is fine) and will become very aromatic. Let the fillets rest on the planks for 5 to 10 minutes before serving.\r\n\r\nCut the salmon fillets crosswise into serving portions and transfer to individual plates. Serve with the sauce.\r\n\r\nmake ahead tips\r\n\r\nThe sauce may be made up to 1 day ahead, and refrigerated, covered.\r\nserving suggestions\r\n\r\nTo round out your Sunday supper, serve this dish with Peas and Carrots with Lemon, Dill, and Mint.\r\n\r\nleftovers\r\n\r\nCool any leftover salmon completely, wrap well, and refrigerate for up to 3 days."
        }
    }, 
    {
        "pk": 2, 
        "model": "recipes.recipe", 
        "fields": {
            "name": "Grilled Chickpea Burgers with Creamy Lemon Tahini Sauce", 
            "equipment": "", 
            "leftovers": false, 
            "tags": "dinner, grill", 
            "serves": 1, 
            "source_url": "http://www.finecooking.com/recipes/grilled-chickpea-burgers-creamy-lemon-tahini-sauce.aspx", 
            "source": "Fine Cooking 111, June/July 2011, Page 21", 
            "health": "nutrition information (per serving):\r\nCalories (kcal): 540; Fat (g): 23; Fat Calories (kcal): 210; Saturated Fat (g): 3; Protein (g): 20; Monounsaturated Fat (g): 12; Carbohydrates (g): 67; Polyunsaturated Fat (g): 6; Sodium (mg): 660; Cholesterol (mg): 30; Fiber (g): 13;", 
            "time": "", 
            "slug": "grilled-chickpea-burgers-with-creamy-lemon-tahini-sauce", 
            "instructions": "Prepare a high gas or charcoal grill fire.\r\n\r\nHeat the oil, garlic, and cumin in a small saucepan over medium-low heat until the garlic is soft but not brown, about 3 minutes. Set aside off the heat.\r\n\r\nTear one of the pitas in half and toast in a toaster until golden-brown and crisp. In a food processor, grind the pita into fine crumbs; transfer the crumbs to a small bowl and measure them\u2014you\u2019ll need 1/2 cup. If necessary, toast and grind a second pita.\r\n\r\nIn the food processor, pur\u00e9e 1 can of the chickpeas with the oil mixture, 2 Tbs. of the tahini, 1 Tbs. of the lemon juice, the egg, and 3/4 tsp. salt until smooth. Add the remaining chickpeas and the pita crumbs, parsley, and cilantro; pulse until the chickpeas are coarsely chopped and the mixture is well blended.\r\n\r\nPut the remaining 3 Tbs. tahini in a small bowl and gradually whisk in 2 Tbs. water and the remaining 3 Tbs. lemon juice (the tahini will thicken at first and then smooth out).\r\nShape the chickpea mixture into 6 patties, each about 3/4 inch thick. Brush both sides of each with oil. Grill, covered, until heated through and nicely marked on both sides, 2 to 3 minutes per side.\r\n\r\nCut the remaining 3 pitas in half and heat briefly on the grill. Layer the burgers in the pitas with the sliced cucumber and tomatoes, drizzle with the tahini sauce and harissa (if using), and serve.\r\n\r\n<b>Serving suggestions</b>\r\n\r\nServe these delicious burgers with Tabbouleh."
        }
    }, 
    {
        "pk": 3, 
        "model": "recipes.recipe", 
        "fields": {
            "name": "Grilled Radicchio and Romaine Salad", 
            "equipment": "", 
            "leftovers": false, 
            "tags": "", 
            "serves": 1, 
            "source_url": "http://www.finecooking.com/recipes/grilled-radicchio-romaine-salad.aspx", 
            "source": "Fine Cooking 105, page 54", 
            "health": "nutrition information (per serving):\r\nCalories (kcal): 310; Fat (g): 27; Fat Calories (kcal): 240; Saturated Fat (g): 5; Protein (g): 10; Monounsaturated Fat (g): 18; Carbohydrates (g): 8; Polyunsaturated Fat (g): 3; Sodium (mg): 750; Cholesterol (mg): 20; Fiber (g): 3;", 
            "time": "", 
            "slug": "grilled-radicchio-and-romaine-salad", 
            "instructions": "Prepare a medium-high gas or charcoal grill fire, or heat a grill pan over medium-high heat until hot.\r\n\r\nCut the romaine and radicchio in half through the root ends. Rinse the leaves and dry well.\r\n\r\nPour the oil into a large baking dish. Dip the lettuces cut side down in the oil, swirling to coat well; then place them cut side down on the grill. Grill, covered, without turning, until charred and wilted in spots, about 4 minutes. Transfer to a cutting board. Remove the cores and chop the lettuce into bite-size pieces.\r\n\r\nPress the garlic and the anchovy through a garlic press into a large salad bowl (or mince by hand). Whisk in the vinegar, mustard, and 1/2 tsp. each salt and pepper. Transfer the lettuces and any juice from the cutting board to the salad bowl. Add the cheese and toss well."
        }
    }, 
    {
        "pk": 1, 
        "model": "recipes.ingredient", 
        "fields": {
            "multiplier": 1, 
            "recipe": 1, 
            "preparation": "grated, minced", 
            "item": 1, 
            "amount": "1", 
            "measurement": 1, 
            "optional": false, 
            "order": 1
        }
    }, 
    {
        "pk": 8, 
        "model": "recipes.ingredient", 
        "fields": {
            "multiplier": 1, 
            "recipe": 2, 
            "preparation": "more for brushing", 
            "item": 5, 
            "amount": "1/4", 
            "measurement": 4, 
            "optional": false, 
            "order": 1
        }
    }, 
    {
        "pk": 22, 
        "model": "recipes.ingredient", 
        "fields": {
            "multiplier": 1, 
            "recipe": 3, 
            "preparation": "1 medium head", 
            "item": 20, 
            "amount": "1", 
            "measurement": 3, 
            "optional": false, 
            "order": 1
        }
    }, 
    {
        "pk": 2, 
        "model": "recipes.ingredient", 
        "fields": {
            "multiplier": 1, 
            "recipe": 1, 
            "preparation": "chopped", 
            "item": 2, 
            "amount": "1-1/2", 
            "measurement": 2, 
            "optional": false, 
            "order": 2
        }
    }, 
    {
        "pk": 9, 
        "model": "recipes.ingredient", 
        "fields": {
            "multiplier": 4, 
            "recipe": 2, 
            "preparation": "medium size", 
            "item": 8, 
            "amount": "1", 
            "measurement": null, 
            "optional": false, 
            "order": 2
        }
    }, 
    {
        "pk": 23, 
        "model": "recipes.ingredient", 
        "fields": {
            "multiplier": 1, 
            "recipe": 3, 
            "preparation": "1 medium head", 
            "item": 21, 
            "amount": "8", 
            "measurement": 6, 
            "optional": false, 
            "order": 2
        }
    }, 
    {
        "pk": 3, 
        "model": "recipes.ingredient", 
        "fields": {
            "multiplier": 1, 
            "recipe": 1, 
            "preparation": "", 
            "item": 3, 
            "amount": "1/2", 
            "measurement": 2, 
            "optional": false, 
            "order": 3
        }
    }, 
    {
        "pk": 10, 
        "model": "recipes.ingredient", 
        "fields": {
            "multiplier": 1, 
            "recipe": 2, 
            "preparation": "", 
            "item": 9, 
            "amount": "2", 
            "measurement": 2, 
            "optional": false, 
            "order": 3
        }
    }, 
    {
        "pk": 24, 
        "model": "recipes.ingredient", 
        "fields": {
            "multiplier": 1, 
            "recipe": 3, 
            "preparation": "", 
            "item": 5, 
            "amount": "1/2", 
            "measurement": 4, 
            "optional": false, 
            "order": 3
        }
    }, 
    {
        "pk": 6, 
        "model": "recipes.ingredient", 
        "fields": {
            "multiplier": 1, 
            "recipe": 1, 
            "preparation": "", 
            "item": 6, 
            "amount": "1-1/2", 
            "measurement": 2, 
            "optional": false, 
            "order": 4
        }
    }, 
    {
        "pk": 11, 
        "model": "recipes.ingredient", 
        "fields": {
            "multiplier": 4, 
            "recipe": 2, 
            "preparation": "six-inches", 
            "item": 10, 
            "amount": "1", 
            "measurement": null, 
            "optional": false, 
            "order": 4
        }
    }, 
    {
        "pk": 25, 
        "model": "recipes.ingredient", 
        "fields": {
            "multiplier": 1, 
            "recipe": 3, 
            "preparation": "medium", 
            "item": 8, 
            "amount": "1", 
            "measurement": null, 
            "optional": false, 
            "order": 4
        }
    }, 
    {
        "pk": 7, 
        "model": "recipes.ingredient", 
        "fields": {
            "multiplier": 1, 
            "recipe": 1, 
            "preparation": "freshly ground", 
            "item": 7, 
            "amount": "1", 
            "measurement": 1, 
            "optional": false, 
            "order": 5
        }
    }, 
    {
        "pk": 12, 
        "model": "recipes.ingredient", 
        "fields": {
            "multiplier": 2, 
            "recipe": 2, 
            "preparation": "drained and rinsed", 
            "item": 11, 
            "amount": "15.5-oz", 
            "measurement": 5, 
            "optional": false, 
            "order": 5
        }
    }, 
    {
        "pk": 26, 
        "model": "recipes.ingredient", 
        "fields": {
            "multiplier": 1, 
            "recipe": 3, 
            "preparation": "small, rinsed and patted dry", 
            "item": 22, 
            "amount": "1", 
            "measurement": null, 
            "optional": false, 
            "order": 5
        }
    }, 
    {
        "pk": 4, 
        "model": "recipes.ingredient", 
        "fields": {
            "multiplier": 2, 
            "recipe": 1, 
            "preparation": "boneless, skin-on, pin bones removed", 
            "item": 4, 
            "amount": "2", 
            "measurement": 3, 
            "optional": false, 
            "order": 6
        }
    }, 
    {
        "pk": 13, 
        "model": "recipes.ingredient", 
        "fields": {
            "multiplier": 1, 
            "recipe": 2, 
            "preparation": "", 
            "item": 12, 
            "amount": "5", 
            "measurement": 1, 
            "optional": false, 
            "order": 6
        }
    }, 
    {
        "pk": 27, 
        "model": "recipes.ingredient", 
        "fields": {
            "multiplier": 1, 
            "recipe": 3, 
            "preparation": "", 
            "item": 23, 
            "amount": "2-1/2", 
            "measurement": 1, 
            "optional": false, 
            "order": 6
        }
    }, 
    {
        "pk": 5, 
        "model": "recipes.ingredient", 
        "fields": {
            "multiplier": 1, 
            "recipe": 1, 
            "preparation": "", 
            "item": 5, 
            "amount": "2", 
            "measurement": 1, 
            "optional": false, 
            "order": 7
        }
    }, 
    {
        "pk": 14, 
        "model": "recipes.ingredient", 
        "fields": {
            "multiplier": 1, 
            "recipe": 2, 
            "preparation": "fresh from one medium lemon", 
            "item": 13, 
            "amount": "1/4", 
            "measurement": 4, 
            "optional": false, 
            "order": 7
        }
    }, 
    {
        "pk": 28, 
        "model": "recipes.ingredient", 
        "fields": {
            "multiplier": 1, 
            "recipe": 3, 
            "preparation": "", 
            "item": 24, 
            "amount": "1/2", 
            "measurement": 2, 
            "optional": false, 
            "order": 7
        }
    }, 
    {
        "pk": 15, 
        "model": "recipes.ingredient", 
        "fields": {
            "multiplier": 1, 
            "recipe": 2, 
            "preparation": "large", 
            "item": 14, 
            "amount": "1", 
            "measurement": null, 
            "optional": false, 
            "order": 8
        }
    }, 
    {
        "pk": 29, 
        "model": "recipes.ingredient", 
        "fields": {
            "multiplier": 1, 
            "recipe": 3, 
            "preparation": "", 
            "item": 6, 
            "amount": "1", 
            "measurement": null, 
            "optional": false, 
            "order": 8
        }
    }, 
    {
        "pk": 16, 
        "model": "recipes.ingredient", 
        "fields": {
            "multiplier": 1, 
            "recipe": 2, 
            "preparation": "", 
            "item": 6, 
            "amount": "1", 
            "measurement": null, 
            "optional": false, 
            "order": 9
        }
    }, 
    {
        "pk": 30, 
        "model": "recipes.ingredient", 
        "fields": {
            "multiplier": 1, 
            "recipe": 3, 
            "preparation": "freshly ground", 
            "item": 7, 
            "amount": "1", 
            "measurement": null, 
            "optional": false, 
            "order": 9
        }
    }, 
    {
        "pk": 17, 
        "model": "recipes.ingredient", 
        "fields": {
            "multiplier": 1, 
            "recipe": 2, 
            "preparation": "chopped fresh", 
            "item": 15, 
            "amount": "2", 
            "measurement": 1, 
            "optional": false, 
            "order": 10
        }
    }, 
    {
        "pk": 31, 
        "model": "recipes.ingredient", 
        "fields": {
            "multiplier": 1, 
            "recipe": 3, 
            "preparation": "grated on the large holes of a box grater (1/2 cup, lightly packed)", 
            "item": 25, 
            "amount": "1-1/2", 
            "measurement": 6, 
            "optional": false, 
            "order": 10
        }
    }, 
    {
        "pk": 18, 
        "model": "recipes.ingredient", 
        "fields": {
            "multiplier": 1, 
            "recipe": 2, 
            "preparation": "chopped fresh", 
            "item": 16, 
            "amount": "2", 
            "measurement": 1, 
            "optional": false, 
            "order": 11
        }
    }, 
    {
        "pk": 19, 
        "model": "recipes.ingredient", 
        "fields": {
            "multiplier": 1, 
            "recipe": 2, 
            "preparation": "thinly sliced", 
            "item": 17, 
            "amount": "1/4", 
            "measurement": null, 
            "optional": false, 
            "order": 12
        }
    }, 
    {
        "pk": 20, 
        "model": "recipes.ingredient", 
        "fields": {
            "multiplier": 1, 
            "recipe": 2, 
            "preparation": "medium, thinly sliced", 
            "item": 18, 
            "amount": "1", 
            "measurement": null, 
            "optional": false, 
            "order": 13
        }
    }, 
    {
        "pk": 21, 
        "model": "recipes.ingredient", 
        "fields": {
            "multiplier": 1, 
            "recipe": 2, 
            "preparation": "or other hot sauce", 
            "item": 19, 
            "amount": "1", 
            "measurement": null, 
            "optional": true, 
            "order": 14
        }
    }
]